{"binary-radix-sort": [0.0005311547061372314, 0.0009071694708099312, 0.001346527828873687, 0.0019088816945854693, 0.0020728152412953006, 0.0031800430636286813, 0.003933048524759024, 0.00457781242080134, 0.005174152727703785, 0.00582730657134217, 0.006765928126456178, 0.0070173046501361205, 0.007534244475510725, 0.00850777219810487, 0.009123230037851916, 0.009324565786999646, 0.010047961171200229, 0.01103708847358149, 0.012394607031613774, 0.011832074330234832, 0.013379490819087856, 0.014205563424324979, 0.014594508007750378, 0.014723537941775292, 0.016014478535632506, 0.01607695349863839, 0.017409514261888647, 0.01760491522167399, 0.01877402273972166, 0.01973324360892434, 0.01930719062451466, 0.020710902435435087, 0.022753277291345454, 0.022094561658450543, 0.022216231227365314, 0.023774919472853498, 0.024529626427619747, 0.02549310614050185, 0.025544278689328338, 0.025967112631725228, 0.026643831906735613, 0.027893349050433756, 0.028384937642557305, 0.029421065513125767, 0.029420401266360727, 0.03037094605089976, 0.029304408452489668, 0.03181271409184177, 0.03240865840547997, 0.032731221743964624, 0.03322620565897381, 0.033361645574277926, 0.03559304462103228, 0.03477363236700654, 0.03611555900963964, 0.03639481856866041, 0.0370166429581667, 0.03740883979594486, 0.037352016040026685, 0.038757766577554094, 0.0410397582346161, 0.03933085569290341, 0.03969594615309233, 0.04173743704984531, 0.040562410071208886, 0.04085340635959937, 0.043438902582589665, 0.045046778300996945, 0.04605498992389016, 0.04774913596824888, 0.048163069004000365, 0.04705551672266836, 0.0471503558318841, 0.04925452096567369, 0.04788173239643356, 0.05039434286578853, 0.05090986477979413, 0.05161968653684255, 0.051727005820846446, 0.05276978637824072, 0.05101281536392662, 0.05255032691159783, 0.05522365444043714, 0.05148898321193201, 0.05748148539883403, 0.05869046816111961, 0.05600651268405102, 0.05685007286276118, 0.05798653776191827, 0.058723195088255124, 0.05862017296985528, 0.06112499131370441, 0.06001696895004215, 0.05940607141981445, 0.05961251675945732, 0.06454819467949732, 0.06634616760274525, 0.06564360401899648, 0.06613083157563779, 0.06559722682085407], "time-sort": [0.0006092445777025643, 0.0012021461302005366, 0.0019331088179268968, 0.002434106720950967, 0.0030747701706194384, 0.0038118592573516863, 0.004257642925465368, 0.0049322902615292685, 0.0056470121158610454, 0.006384331134165553, 0.006982408701836986, 0.008007275034949553, 0.009173899292015175, 0.008837838970233563, 0.009737476904650997, 0.010631254138768486, 0.011786675618669201, 0.011372573966431893, 0.01207805768114536, 0.013090924140975702, 0.0136029127731587, 0.014246161675618757, 0.01496561245595494, 0.01592234750938104, 0.016734105596840507, 0.01788607554836119, 0.016896028519690562, 0.01765672902410955, 0.01909606745476985, 0.019156695300812102, 0.01999118340159754, 0.020777355214644046, 0.022421539683123798, 0.02236301443357149, 0.023071027395580188, 0.024242748469166173, 0.02460443338728979, 0.02529394452211008, 0.02614951223849147, 0.026829946185792722, 0.027896981969276452, 0.02884547269843594, 0.029074259722528525, 0.029768699057383684, 0.030544186716699926, 0.03161109987001311, 0.03299668796343866, 0.033018319414808844, 0.03353609465822927, 0.03456045258708741, 0.03509471136945194, 0.03609085413958411, 0.03470669928629178, 0.03614175588011591, 0.035943059234460575, 0.03678127222671776, 0.03748676360581669, 0.03827262884343412, 0.041003763724361306, 0.03946971647904121, 0.040364201391444116, 0.040821972158862255, 0.041449041543017415, 0.04249014615473015, 0.043082294042624196, 0.04411102833574716, 0.0445153630057473, 0.045997259215657775, 0.046362242374452196, 0.04689209668980482, 0.047520900779924775, 0.049199613306192304, 0.05004048839509778, 0.04997714224691208, 0.05173923307090036, 0.05141550985537606, 0.05235678584275604, 0.05277143166637416, 0.055091060567040696, 0.054398938431482406, 0.05791446443316488, 0.05624879669144036, 0.05658654062328651, 0.05726894176293513, 0.05813578379074613, 0.05886526469722469, 0.059432388365664224, 0.06234911634742502, 0.06213950817125578, 0.06369546023103226, 0.06367391053311167, 0.06358003713650988, 0.06446620363557713, 0.06786659267979644, 0.06860838769937799, 0.0668591832626214, 0.067620131582172, 0.06841766967928038, 0.07011273034034503, 0.07104173820093024], "sample_size": [1, 2, 3, 4, 5, 6, 7, 8, 9, 10, 11, 12, 13, 14, 15, 16, 17, 18, 19, 20, 21, 22, 23, 24, 25, 26, 27, 28, 29, 30, 31, 32, 33, 34, 35, 36, 37, 38, 39, 40, 41, 42, 43, 44, 45, 46, 47, 48, 49, 50, 51, 52, 53, 54, 55, 56, 57, 58, 59, 60, 61, 62, 63, 64, 65, 66, 67, 68, 69, 70, 71, 72, 73, 74, 75, 76, 77, 78, 79, 80, 81, 82, 83, 84, 85, 86, 87, 88, 89, 90, 91, 92, 93, 94, 95, 96, 97, 98, 99, 100], "sample_step": "10000", "max_sample_count": "1000000", "number_of_runs": "100", "number_of_groups": "8"}