{"binary-radix-sort": [0.002010340278288738, 0.0042724658474971155, 0.006760918172973948, 0.009776792648729967, 0.012324559655490997, 0.015949203517033342, 0.021058288164553334, 0.024678793257793076, 0.02790418138228743, 0.031270750047008064, 0.035354763977796, 0.03916570095406268, 0.043050913492588945, 0.049142000118542056, 0.05476389348752065, 0.057255674711205844, 0.06267566772128653, 0.06491959548393993, 0.06922109146984567, 0.07296816878408166, 0.0779876618718275, 0.08095145429164674, 0.08138673519649416, 0.08933959309264992, 0.0918889287436943, 0.09419645046967474, 0.10350630319083706, 0.10669707639450877, 0.10986015306289204, 0.11634482889003522, 0.11909843319516966, 0.12134772347304988, 0.12499710541698505, 0.13153368957398187, 0.13402078019359068, 0.13779796576982734, 0.14030946490324708, 0.14725877367784165, 0.15056164618742685, 0.1531178082513793, 0.15683523972154545, 0.16388937940957532, 0.16385130274119264, 0.16924816718989122, 0.17229446416746158, 0.17441702382703966, 0.17805951548818824, 0.18558842810601278, 0.18839767585166556, 0.19222714020307877, 0.19365719961739727, 0.19539815206550656, 0.21771516230102975, 0.22772708808525977, 0.22752066829356069, 0.23374177866889453, 0.2366019128263008, 0.2359130991505788, 0.23826451225892242, 0.2516431906531307, 0.2572402590766842, 0.25839163376090596, 0.26205467108545233, 0.265832541346806, 0.26732087564073936, 0.26850255786100435, 0.2805305134525383, 0.2825420876969247, 0.2894305463582964, 0.2937548157890615, 0.2938581214897135, 0.2965839756088531, 0.3002534944489275, 0.3016122878497981, 0.307422998471211, 0.3197990730180982, 0.32292257335328256, 0.3274606152764704, 0.33067341847953685, 0.3316504513812197, 0.33168945799507127, 0.33664558194148186, 0.3388314059957861, 0.3481229587185976, 0.3610764067724449, 0.3652644545205453, 0.36147412196796724, 0.3650860889355181, 0.3654687282842315, 0.3711515075336001, 0.3757992523647226, 0.3752925317203426, 0.3792017159026909, 0.3821066126276764, 0.3841269881416611, 0.401716855619311, 0.40880371712489705, 0.41410942903389697, 0.41243041248704687, 0.4161252161357015], "time-sort": [0.0010064820265044665, 0.0021598724441828313, 0.0033690749188597068, 0.004456543954741321, 0.005762836313246571, 0.0071103400739050745, 0.008256188736009857, 0.009677646154726638, 0.01084435982962594, 0.012229572368152298, 0.013692253962998429, 0.015328745942985656, 0.01715321209297038, 0.019038431273964138, 0.019664982034679854, 0.02171802316075187, 0.02181645686688043, 0.023208695092339724, 0.024624161516199335, 0.026019981564596575, 0.02753710073659846, 0.029041481699490106, 0.03144435349373438, 0.03203135091441254, 0.033619914935536316, 0.0354769138482169, 0.036000488476850875, 0.03741519868131519, 0.03846388848012026, 0.03985969830933925, 0.04140735750373978, 0.04391394376588977, 0.04448170102355221, 0.04597816467596999, 0.04792680409421507, 0.04886349933370923, 0.05048800932398308, 0.05190782400935177, 0.053717944984015276, 0.05522402488575096, 0.05646450316385483, 0.05850365897775703, 0.059662353150371245, 0.061858886906368864, 0.06267859551663832, 0.06456630051342473, 0.06627279643800761, 0.06777058347436082, 0.07084986796818271, 0.07111928390111644, 0.07274327782274553, 0.0751829948740567, 0.07412441546284412, 0.07590104818140048, 0.07781052003368587, 0.08023716675250397, 0.08078007607158724, 0.08152875370956053, 0.08475158959359874, 0.08510667292079802, 0.08717358913987142, 0.09128000351540322, 0.08970064697635963, 0.0918970606569792, 0.09406815376189342, 0.09463182334715384, 0.09579428073317786, 0.09755178569968394, 0.09940147789795674, 0.10056966313490648, 0.10304036474301484, 0.10469622973535934, 0.10551955593571392, 0.10677549072506963, 0.10863315388452975, 0.11038381710935483, 0.1118748007259569, 0.1137730646915088, 0.11570197087124826, 0.11713859610935742, 0.11856961868147892, 0.12001419955200163, 0.1219793965982376, 0.1231869180176659, 0.1285221199282296, 0.12724278832397887, 0.12795952846653563, 0.12929720903947328, 0.1330079188433365, 0.13281727491234052, 0.13473338412265548, 0.13649033725338997, 0.13942868135779007, 0.14347982018332914, 0.14115716895986224, 0.1471236071256362, 0.14657664334651144, 0.14683069985037492, 0.15162973454656367, 0.15014535763044023], "sample_size": [1, 2, 3, 4, 5, 6, 7, 8, 9, 10, 11, 12, 13, 14, 15, 16, 17, 18, 19, 20, 21, 22, 23, 24, 25, 26, 27, 28, 29, 30, 31, 32, 33, 34, 35, 36, 37, 38, 39, 40, 41, 42, 43, 44, 45, 46, 47, 48, 49, 50, 51, 52, 53, 54, 55, 56, 57, 58, 59, 60, 61, 62, 63, 64, 65, 66, 67, 68, 69, 70, 71, 72, 73, 74, 75, 76, 77, 78, 79, 80, 81, 82, 83, 84, 85, 86, 87, 88, 89, 90, 91, 92, 93, 94, 95, 96, 97, 98, 99, 100], "sample_step": "10000", "max_sample_count": "1000000", "number_of_runs": "100"}